tau1,tau2,tau3,tau4,p1,p2,p3,p4,g1,g2,g3,g4,label
9.3040972346785,4.90252411201167,3.04754072762177,1.36935735529605,5.06781210427845,-1.94005842705193,-1.87274168559721,-1.25501199162931,0.41344056837935,0.862414076352903,0.562139050527675,0.781759910653126,1

